{
  "user": {
    "id": 1,
    "email": "usuario@mitienda.test",
    "name": "Víctor Carazo"
  },
  "events": [
    {
      "id": 101,
      "type": "search",
      "label": "Buscó 'zapatillas running'",
      "created_at": "2025-12-01T09:15:00",
      "value": null
    },
    {
      "id": 102,
      "type": "purchase",
      "label": "Compra de 'Zapatillas Running Pro'",
      "created_at": "2025-12-01T09:45:00",
      "value": 89.99
    },
    {
      "id": 103,
      "type": "favorite",
      "label": "Añadido a favoritos 'Sudadera Nike'",
      "created_at": "2025-12-02T12:10:00",
      "value": 59.99
    },
    {
      "id": 104,
      "type": "add_to_cart",
      "label": "Añadió 'Guantes térmicos' al carrito",
      "created_at": "2025-12-02T12:12:00",
      "value": 14.50
    },
    {
      "id": 105,
      "type": "search",
      "label": "Buscó 'chaqueta impermeable'",
      "created_at": "2025-12-03T08:22:00",
      "value": null
    },
    {
      "id": 106,
      "type": "purchase",
      "label": "Compra de 'Chaqueta impermeable NorthFace'",
      "created_at": "2025-12-03T08:40:00",
      "value": 129.00
    },
    {
      "id": 107,
      "type": "favorite",
      "label": "Añadido a favoritos 'Gorra Adidas'",
      "created_at": "2025-12-04T18:05:00",
      "value": 19.99
    },
    {
      "id": 108,
      "type": "search",
      "label": "Buscó 'regalos Navidad'",
      "created_at": "2025-12-05T10:50:00",
      "value": null
    },
    {
      "id": 109,
      "type": "purchase",
      "label": "Compra de 'Pack regalo Navidad'",
      "created_at": "2025-12-05T11:20:00",
      "value": 39.95
    },
    {
      "id": 110,
      "type": "add_to_cart_custom",
      "label": "Añadió producto personalizado 'Camiseta roja con logo'",
      "created_at": "2025-12-06T17:20:00",
      "value": 22.99
    },
    {
      "id": 111,
      "type": "visit",
      "label": "Visitó página 'Ofertas del día'",
      "created_at": "2025-12-06T17:25:00",
      "value": null
    },
    {
      "id": 112,
      "type": "search",
      "label": "Buscó 'ratón gaming inalámbrico'",
      "created_at": "2025-12-07T09:10:00",
      "value": null
    },
    {
      "id": 113,
      "type": "purchase",
      "label": "Compra de 'Ratón gaming RGB'",
      "created_at": "2025-12-07T09:30:00",
      "value": 49.99
    },
    {
      "id": 114,
      "type": "favorite",
      "label": "Añadido a favoritos 'Teclado mecánico RGB'",
      "created_at": "2025-12-08T14:50:00",
      "value": 89.90
    },
    {
      "id": 115,
      "type": "search",
      "label": "Buscó 'silla oficina ergonómica'",
      "created_at": "2025-12-09T10:15:00",
      "value": null
    },
    {
      "id": 116,
      "type": "purchase",
      "label": "Compra de 'Silla ergonómica premium'",
      "created_at": "2025-12-09T10:35:00",
      "value": 199.99
    },
    {
      "id": 117,
      "type": "add_to_cart",
      "label": "Añadió 'Botella térmica acero' al carrito",
      "created_at": "2025-12-10T12:45:00",
      "value": 17.90
    },
    {
      "id": 118,
      "type": "visit",
      "label": "Visitó sección 'Novedades'",
      "created_at": "2025-12-11T16:30:00",
      "value": null
    },
    {
      "id": 119,
      "type": "favorite",
      "label": "Añadido a favoritos 'Zapatillas Puma Classic'",
      "created_at": "2025-12-12T19:30:00",
      "value": 74.99
    },
    {
      "id": 120,
      "type": "search",
      "label": "Buscó 'mochila impermeable'",
      "created_at": "2025-12-13T09:18:00",
      "value": null
    },
    {
      "id": 121,
      "type": "purchase",
      "label": "Compra de 'Mochila trekking 40L'",
      "created_at": "2025-12-13T09:40:00",
      "value": 89.50
    },
    {
      "id": 122,
      "type": "add_to_cart_custom",
      "label": "Añadió producto personalizado 'Taza con foto'",
      "created_at": "2025-12-14T13:00:00",
      "value": 12.00
    },
    {
      "id": 123,
      "type": "visit",
      "label": "Visitó página 'Recomendaciones para ti'",
      "created_at": "2025-12-15T08:55:00",
      "value": null
    }
  ]
}
